{"chunk_definitions":[{"row":8,"row_count":1,"visible":true,"expansion_state":0,"options":{"engine":"r","label":"setup","include":false,"dev":"png"},"document_id":"AD6A2850","chunk_id":"csetup_chunk","chunk_label":"setup"},{"row":365,"row_count":1,"visible":true,"expansion_state":0,"options":{"engine":"r","label":"unnamed-chunk-31","dev":"png"},"document_id":"AD6A2850","chunk_id":"cfci0qokkodo1","chunk_label":"unnamed-chunk-5"}],"doc_write_time":1742473863,"working_dir":null,"default_chunk_options":{"echo":true}}