"0","# Load necessary libraries"
"0","library(dplyr)"
"0","library(ggplot2)"
"0",""
"0","# Given exchange rates"
"0","exchange_rates <- c("
"0","  0.90116, 0.945464, 0.968552, 0.977704, 0.979472, 1.003704, 1.011088, "
"0","  1.012336, 1.013064, 1.013272, 1.04, 1.068704, 1.06964, 1.07016, 1.073072, "
"0","  1.075984, 1.096472, 1.10292, 1.118416, 1.144832, 1.220024"
"0",")"
"0",""
"0","# Given parameters"
"0","S0 <- 1.04  # Current spot price"
"0","T <- 0.5    # 6 months until expiration"
"0","sigma <- 0.127  # Volatility"
"0","r_f <- 0.0218   # USD risk-free rate"
"0",""
"0","# Compute up (u) and down (d) factors"
"0","u <- exp(sigma * sqrt(T))"
"0","d <- 1 / u"
"0",""
"0","# Compute risk-neutral probability"
"0","q <- (S0 - (S0 * d)) / ((S0 * u) - (S0 * d))"
"0",""
"0","# Strike price"
"0","strike_price <- 1.04  # At-the-money"
"0",""
"0","# Function to calculate 1-step Binomial Option Prices"
"0","binomial_option <- function(S0, E, u, d, q, T, r_f) {"
"0","    S_up <- S0 * u"
"0","    S_down <- S0 * d"
"0",""
"0","    # Compute Call and Put Payoffs at Expiration"
"0","    C_up <- max(S_up - E, 0)"
"0","    C_down <- max(S_down - E, 0)"
"0","    P_up <- max(E - S_up, 0)"
"0","    P_down <- max(E - S_down, 0)"
"0",""
"0","    # Discount Back to Present"
"0","    discount_factor <- exp(-r_f * T)"
"0","    C_0 <- discount_factor * (q * C_up + (1 - q) * C_down)"
"0","    P_0 <- discount_factor * (q * P_up + (1 - q) * P_down)"
"0",""
"0","    return(data.frame(StrikePrice = E, CallPrice = C_0, PutPrice = P_0))"
"0","}"
"0",""
"0","# Compute Option Prices for Strike Price = 1.04"
"0","option_prices <- binomial_option(S0, strike_price, u, d, q, T, r_f)"
"0","call_premium <- option_prices$CallPrice"
"0","put_premium <- option_prices$PutPrice"
"0",""
"0","# Compute Profit/Loss for Each Exchange Rate"
"0","profit_data <- data.frame(ExchangeRate = exchange_rates)"
"0",""
"0","profit_data <- profit_data %>%"
"0","  mutate("
"0","    CallProfit = pmax(ExchangeRate - strike_price, 0) - call_premium,"
"0","    PutProfit = pmax(strike_price - ExchangeRate, 0) - put_premium"
"0","  )"
"0",""
"0","# Plot the Call and Put Profitability"
"0","ggplot(profit_data, aes(x = ExchangeRate)) +"
"0","  geom_line(aes(y = CallProfit, color = ""Call Profit""), linewidth = 1.2) +"
"0","  geom_line(aes(y = PutProfit, color = ""Put Profit""), linewidth = 1.2) +"
"0","  geom_hline(yintercept = 0, linetype = ""dashed"", color = ""black"") +"
"0","  "
"0","  # Shaded ITM & OTM Regions"
"0","  geom_rect(aes(xmin = min(ExchangeRate), xmax = strike_price, ymin = -Inf, ymax = Inf), fill = ""red"", alpha = 0.005) + # ITM Put"
"0","  geom_rect(aes(xmin = strike_price, xmax = max(ExchangeRate), ymin = -Inf, ymax = Inf), fill = ""blue"", alpha = 0.005) + # ITM Call"
"0",""
"0","  # Labels"
"0","  annotate(""text"", x = strike_price, y = max(profit_data$CallProfit) * 0.5, "
"0","           label = ""Strike Price"", hjust = -0.2, color = ""black"", size = 4) +"
"0","  annotate(""text"", x = min(exchange_rates) + 0.01, y = max(profit_data$PutProfit) , "
"0","           label = ""ITM Put"", hjust = 0, color = ""red"", size = 4) +"
"0","  annotate(""text"", x = max(exchange_rates) - 0.01, y = max(profit_data$CallProfit) , "
"0","           label = ""ITM Call"", hjust = 1, color = ""blue"", size = 4) +"
"0",""
"0","  labs(title = ""EUR/USD Call and Put Profitability"","
"0","       x = ""EUR/USD Exchange Rates"","
"0","       y = ""Profit/Loss"") +"
"0","  scale_color_manual(values = c(""Call Profit"" = ""blue"", ""Put Profit"" = ""red"")) +"
"0","  theme_minimal()"
"0",""
