"0","# Load required library"
"0","library(readr)"
"0",""
"0","# Load the dataset"
"0","df_moneyness <- read.csv(""FX_Option_Profit_Loss_with_Shaded_Graph(Data).csv"")"
"0",""
"0","# Convert Moneyness to factors for shading"
"0","df_moneyness$CallMoneyFactor <- as.factor(df_moneyness$Call_Moneyness)"
"0","df_moneyness$PutMoneyFactor <- as.factor(df_moneyness$Put_Moneyness)"
"0",""
"0","# Define ITM/OTM shading regions"
"0","itm_call_region <- subset(df_moneyness, Call_Moneyness == ""ITM"")"
"0","itm_put_region <- subset(df_moneyness, Put_Moneyness == ""ITM"")"
"0",""
"0","# Define the midpoints for labels"
"0","itm_call_mid <- mean(range(itm_call_region$NewSpot))"
"0","itm_put_mid <- mean(range(itm_put_region$NewSpot))"
"0","otm_call_mid <- itm_put_mid  # OTM Call occurs in ITM Put area"
"0","otm_put_mid <- itm_call_mid  # OTM Put occurs in ITM Call area"
"0",""
"0","# Create the plot"
"0","ggplot(df_moneyness, aes(x = NewSpot)) +"
"0",""
"0","  # Softer & More Transparent ITM Call Region (Pastel Blue)"
"0","  geom_rect(aes(xmin = min(itm_call_region$NewSpot), xmax = max(itm_call_region$NewSpot),"
"0","                ymin = -Inf, ymax = Inf), fill = ""#87CEFA"", alpha = 0.02) +  "
"0",""
"0","  # Softer & More Transparent ITM Put Region (Pastel Red)"
"0","  geom_rect(aes(xmin = min(itm_put_region$NewSpot), xmax = max(itm_put_region$NewSpot),"
"0","                ymin = -Inf, ymax = Inf), fill = ""#FFB6C1"", alpha = 0.02) +  "
"0",""
"0","  # **Labels for ITM/OTM Regions**"
"0","  annotate(""text"", x = itm_call_mid, y = 0.12, label = ""ITM Call"", size = 4, fontface = ""bold"", color = ""blue"") +"
"0","  annotate(""text"", x = itm_put_mid, y = 0.12, label = ""ITM Put"", size = 4, fontface = ""bold"", color = ""red"") +"
"0","  annotate(""text"", x = otm_call_mid, y = -0.08, label = ""OTM Call"", size = 4, fontface = ""bold"", color = ""red"") +"
"0","  annotate(""text"", x = otm_put_mid, y = -0.08, label = ""OTM Put"", size = 4, fontface = ""bold"", color = ""blue"") +"
"0",""
"0","  # Call and Put Profit/Loss Lines"
"0","  geom_line(aes(y = Call_Profit, color = ""Call Profit""), linewidth = 1.5) +"
"0","  geom_line(aes(y = Put_Profit, color = ""Put Profit""), linewidth = 1.5) +"
"0",""
"0","  # Strike Price Vertical Line"
"0","  geom_vline(xintercept = 1.04, linetype = ""dashed"", color = ""gray"", linewidth = 1) +"
"0",""
"0","  # **Dashed Zero Profit Line in Gray**"
"0","  geom_hline(yintercept = 0, linetype = ""dashed"", color = ""gray50"", linewidth = 1) +"
"0",""
"0","  # Set X-axis to show all 21 Spot Rates and fix overlap"
"0","  scale_x_continuous(breaks = df_moneyness$NewSpot, labels = round(df_moneyness$NewSpot, 4), "
"0","                     guide = guide_axis(check.overlap = TRUE)) +"
"0",""
"0","  # Rotate X-axis labels for better readability"
"0","  theme(axis.text.x = element_text(angle = 60, hjust = 1, size = 9)) +"
"0",""
"0","  # Adjust plot margins to allow space for rotated labels"
"0","  theme(plot.margin = margin(10, 10, 50, 10)) +"
"0",""
"0","  # **Smaller Title & Labels**"
"0","  labs(title = ""Profit & Loss for Call and Put Options\nAcross Different Spot Rates"","
"0","       x = ""EUR/USD Spot Rate"", y = ""Profit/Loss"", color = ""Legend"") +"
"0",""
"0","  # **Adjust Title Size**"
"0","  theme(plot.title = element_text(size = 12, hjust = 0.5, face = ""bold"")) +"
"0",""
"0","  # Adjust axis title spacing with margin"
"0","theme(axis.title.x = element_text(size = 9, margin = margin(t = 15)),  # Increase top margin"
"0","      axis.title.y = element_text(size = 9),"
"0","      axis.text.x = element_text(size = 9, angle = 60, hjust = 1.5),"
"0","      legend.text = element_text(size = 9),"
"0","      legend.title = element_text(size = 10)) +"
"0",""
"0","  # Custom Colors for Call/Put Profit"
"0","  scale_color_manual(values = c(""Call Profit"" = ""blue"", ""Put Profit"" = ""red"")) +"
"0",""
"0","  # Clean Theme"
"0","  theme_minimal(base_size = 12)"
