"0","# Load necessary libraries"
"0","library(dplyr)"
"0","library(ggplot2)"
"0",""
"0","# Given exchange rates (latest value used for pricing)"
"0","exchange_rates <- c("
"0","  0.90116, 0.945464, 0.968552, 0.977704, 0.979472, 1.003704, 1.011088, "
"0","  1.012336, 1.013064, 1.013272, 1.04, 1.068704, 1.06964, 1.07016, 1.073072, "
"0","  1.075984, 1.096472, 1.10292, 1.118416, 1.144832, 1.220024"
"0",")"
"0",""
"0","# Use the last exchange rate as the current spot price"
"0","S0 <- 1.04"
"0",""
"0","# Given parameters"
"0","T <- 0.5  # 6 months until expiration"
"0","sigma <- 0.127  # 12.7% volatility"
"0","r_d <- 0.02514  # EUR risk-free rate"
"0","r_f <- 0.0218   # USD risk-free rate"
"0",""
"0","# Compute up (u) and down (d) factors"
"0","u <- exp(sigma * sqrt(T))"
"0","d <- 1 / u"
"0",""
"0","# Compute risk-neutral probability using spot price"
"0","q <- (S0 - (S0 * d)) / ((S0 * u) - (S0 * d))"
"0",""
"0","# Strike prices for Iron Condor"
"0","lower_put_strike  <- 0.9   # Long Put (out-of-the-money)"
"0","short_put_strike  <- 1.00  # Short Put (near spot)"
"0","short_call_strike <- 1.08  # Short Call (near spot)"
"0","higher_call_strike <- 1.18 # Long Call (out-of-the-money)"
"0",""
"0","# Function to calculate 1-step Binomial Call & Put Prices with Profits"
"0","binomial_option <- function(S0, E, u, d, q, T, r_f) {"
"0","    S_up <- S0 * u"
"0","    S_down <- S0 * d"
"0",""
"0","    # Compute Call and Put Payoffs at Expiration"
"0","    C_up <- max(S_up - E, 0)"
"0","    C_down <- max(S_down - E, 0)"
"0","    P_up <- max(E - S_up, 0)"
"0","    P_down <- max(E - S_down, 0)"
"0",""
"0","    # Discount Back to Present"
"0","    discount_factor <- exp(-r_f * T)"
"0","    C_0 <- discount_factor * (q * C_up + (1 - q) * C_down)"
"0","    P_0 <- discount_factor * (q * P_up + (1 - q) * P_down)"
"0",""
"0","    # Compute Call and Put Profits"
"0","    Call_Profit <- C_up - C_down"
"0","    Put_Profit <- P_up - P_down"
"0",""
"0","    return(data.frame(StrikePrice = E, CallPrice = C_0, PutPrice = P_0, Call_Profit = Call_Profit, Put_Profit = Put_Profit))"
"0","}"
"0",""
"0","# Compute Option Prices for Iron Condor Strikes with Profits"
"0","strike_prices <- c(lower_put_strike, short_put_strike, short_call_strike, higher_call_strike)"
"0",""
"0","option_prices <- do.call(rbind, lapply(strike_prices, function(E) {"
"0","  binomial_option(S0, E, u, d, q, T, r_f)"
"0","}))"
"0",""
"0","# Display the updated table"
"0","print(option_prices)"
