"0","# Combine datasets"
"0","df_moneyness <- rbind(df_best, df_worst)"
"0",""
"0","# Add base case"
"0","df_base <- data.frame("
"0","  Date = as.Date(""2025-01-01""),"
"0","  ExchangeRate = S0,"
"0","  Return = 0,"
"0","  NewSpotRate = S0"
"0",")"
"0",""
"0","df_moneyness <- rbind(df_moneyness, df_base)"
"0",""
"0","# Determine Moneyness"
"0","df_moneyness$CallMoneyness <- ifelse(df_moneyness$NewSpotRate > E, ""ITM"","
"0","                                     ifelse(df_moneyness$NewSpotRate == E, ""ATM"", ""OTM""))"
"0","df_moneyness$PutMoneyness <- ifelse(df_moneyness$NewSpotRate < E, ""ITM"","
"0","                                    ifelse(df_moneyness$NewSpotRate == E, ""ATM"", ""OTM""))"
"0",""
"0","# Compute option prices"
"0","df_moneyness$CallPrice <- sapply(df_moneyness$NewSpotRate, function(S) black_scholes(S, E, T, sigma, r_d, r_f, ""call""))"
"0","df_moneyness$PutPrice <- sapply(df_moneyness$NewSpotRate, function(S) black_scholes(S, E, T, sigma, r_d, r_f, ""put""))"
"0",""
"0","# Compute profits"
"0","df_moneyness$CallProfit <- pmax(df_moneyness$NewSpotRate - E, 0) - df_moneyness$CallPrice"
"0","df_moneyness$PutProfit <- pmax(E - df_moneyness$NewSpotRate, 0) - df_moneyness$PutPrice"
"0",""
"0","# Display results"
"0","print(df_moneyness)"
