{"chunk_definitions":[{"row":8,"row_count":1,"visible":true,"expansion_state":0,"options":{"engine":"r","label":"setup","include":false,"dev":"png"},"document_id":"82538E9A","chunk_id":"csetup_chunk","chunk_label":"setup"},{"row":100,"row_count":1,"visible":true,"expansion_state":0,"options":{"engine":"r","label":"unnamed-chunk-1","dev":"png"},"document_id":"82538E9A","chunk_id":"ckzus1ii40y3a","chunk_label":"unnamed-chunk-1"}],"doc_write_time":1742417390,"working_dir":null,"default_chunk_options":{"echo":true}}