"0","# Load Required Libraries"
"0","library(ggplot2)"
"0","library(dplyr)"
"0",""
"0","# Define Strike Prices for Iron Condor"
"0","lower_put_strike <- 0.9   # Long Put (OTM)"
"0","short_put_strike <- 1.00   # Short Put (near ATM)"
"0","short_call_strike <- 1.08  # Short Call (near ATM)"
"0","higher_call_strike <- 1.18 # Long Call (OTM)"
"0",""
"0",""
"0","# Premium Received based on Actual Option Prices"
"0","premium_received <- 0.05"
"0",""
"0","# Define a wider range of possible future exchange rates"
"0","exchange_rate_range <- seq(0.85, 1.25, by = 0.01)"
"0",""
"0","# Compute Profit/Loss for Each Exchange Rate"
"0","iron_condor_profits <- sapply(exchange_rate_range, function(S) {"
"0","  long_put <- pmax(lower_put_strike - S, 0)"
"0","  short_put <- -pmax(short_put_strike - S, 0)"
"0","  short_call <- -pmax(S - short_call_strike, 0)"
"0","  long_call <- pmax(S - higher_call_strike, 0)"
"0","  "
"0","  # Total Iron Condor Profit"
"0","  total_profit <- long_put + short_put + short_call + long_call + premium_received"
"0","  return(total_profit)"
"0","})"
"0",""
"0","# Define iron_condor_df"
"0","iron_condor_df <- data.frame(ExchangeRate = exchange_rate_range, Profit = iron_condor_profits)"
"0",""
"0","# Compute Corrected Breakeven Points"
"0","breakeven_low <- short_put_strike - premium_received"
"0","breakeven_high <- short_call_strike + premium_received"
"0",""
"0","# **Correct the Profit Area**"
"0","profit_area_df <- iron_condor_df %>%"
"0","  filter(ExchangeRate >= 0.95 & ExchangeRate <= 1.13)"
"0",""
"0","loss_area_df <- iron_condor_df %>%"
"0","  filter((ExchangeRate >= 0.85 & ExchangeRate <= 0.95) | "
"0","         (ExchangeRate >= 1.13 & ExchangeRate <= 1.25))"
"0",""
"0",""
"0","# Create the Corrected Plot"
"0","ggplot(iron_condor_df, aes(x = ExchangeRate, y = Profit)) +"
"0","  geom_line(color = ""blue"", size = 1.2) +  # Profit line"
"0","  geom_point(color = ""red"", size = 2) +  # Marked points"
"0",""
"0","  # Profit & Loss Regions"
"0","  geom_ribbon(data = profit_area_df, aes(ymin = 0, ymax = Profit), fill = ""blue"", alpha = 0.2) + "
"0","  geom_ribbon(data = loss_area_df, aes(ymin = pmax(Profit, -0.08), ymax = 0), fill = ""red"", alpha = 0.2) + "
"0",""
"0","  # Add Breakeven and Strike Price Lines"
"0","  geom_hline(yintercept = 0, linetype = ""dashed"", color = ""black"") +  "
"0","  geom_vline(xintercept = breakeven_low, linetype = ""dashed"", color = ""forestgreen"") +  "
"0","  geom_vline(xintercept = breakeven_high, linetype = ""dashed"", color = ""forestgreen"") +  "
"0","  annotate(""text"", x = breakeven_low, y = min(iron_condor_df$Profit) * 1.5, "
"0","           label = paste(""BE Low:"", round(breakeven_low, 4)), hjust = 1.2, color = ""forestgreen"", size = 4) +"
"0","  annotate(""text"", x = breakeven_high, y = min(iron_condor_df$Profit) * 1.5, "
"0","           label = paste(""BE High:"", round(breakeven_high, 4)), hjust = -0.2, color = ""forestgreen"", size = 4) +"
"0",""
"0","  # Add Strike Price Markers"
"0","  geom_vline(xintercept = lower_put_strike, linetype = ""dotted"", color = ""red"") +  "
"0","  geom_vline(xintercept = higher_call_strike, linetype = ""dotted"", color = ""red"") +"
"0","  annotate(""text"", x = lower_put_strike, y = min(iron_condor_df$Profit), label = ""Lower Put"", hjust = -0.2, color = ""darkred"") +"
"0","  annotate(""text"", x = higher_call_strike, y = min(iron_condor_df$Profit), label = ""Higher Call"", hjust = 1.2, color = ""darkred"") +"
"0",""
"0","  labs(title = ""Iron Condor Strategy with Profit & Loss Areas"","
"0","       x = ""Exchange Rate at Expiration"","
"0","       y = ""Profit/Loss"") +"
"0","  theme_minimal()"
"0",""
