{"working_dir":null,"default_chunk_options":{"echo":true},"chunk_definitions":[{"row":8,"row_count":1,"visible":true,"expansion_state":0,"options":{"engine":"r","label":"setup","include":false,"dev":"png"},"document_id":"D5B5EB10","chunk_id":"csetup_chunk","chunk_label":"setup"},{"row":78,"row_count":1,"visible":true,"expansion_state":0,"options":{"engine":"r","label":"unnamed-chunk-19","dev":"png"},"document_id":"D5B5EB10","chunk_id":"c8atzkh2647kx","chunk_label":"unnamed-chunk-1"},{"row":84,"row_count":1,"visible":true,"expansion_state":0,"options":{"engine":"r","label":"unnamed-chunk-20","dev":"png"},"document_id":"D5B5EB10","chunk_id":"czrka76upbbgo","chunk_label":"unnamed-chunk-2"},{"row":162,"row_count":1,"visible":true,"expansion_state":0,"options":{"engine":"r","label":"unnamed-chunk-21","dev":"png"},"document_id":"D5B5EB10","chunk_id":"c2418dmr42ssu","chunk_label":"unnamed-chunk-3"}],"doc_write_time":1742477872}