{"chunk_definitions":[{"row":34,"row_count":1,"visible":true,"expansion_state":0,"options":{"engine":"r","label":"unnamed-chunk-27","dev":"png"},"document_id":"D283105D","chunk_id":"cq6wsgfgjj083","chunk_label":"unnamed-chunk-2"},{"row":44,"row_count":1,"visible":true,"expansion_state":0,"options":{"engine":"r","label":"unnamed-chunk-28","dev":"png"},"document_id":"D283105D","chunk_id":"cv2n5a4aokcdi","chunk_label":"unnamed-chunk-3"},{"row":65,"row_count":1,"visible":true,"expansion_state":0,"options":{"engine":"r","label":"unnamed-chunk-29","dev":"png"},"document_id":"D283105D","chunk_id":"copv2yukmfmrf","chunk_label":"unnamed-chunk-4"},{"row":98,"row_count":1,"visible":true,"expansion_state":0,"options":{"engine":"r","label":"unnamed-chunk-30","dev":"png"},"document_id":"D283105D","chunk_id":"cp23s7s216vfu","chunk_label":"unnamed-chunk-5"},{"row":183,"row_count":1,"visible":true,"expansion_state":0,"options":{"engine":"r","label":"unnamed-chunk-31","dev":"png"},"document_id":"D283105D","chunk_id":"ck0pewat1t35v","chunk_label":"unnamed-chunk-6"}],"doc_write_time":1741816241}