"0","black_scholes <- function(S, E, T, sigma, r_d, r_f, option_type) {"
"0","  d1 <- (log(S / E) + (r_d - r_f + 0.5 * sigma^2) * T) / (sigma * sqrt(T))"
"0","  d2 <- d1 - sigma * sqrt(T)"
"0","  "
"0","  if (option_type == ""call"") {"
"0","    price <- S * exp(-r_f * T) * pnorm(d1) - E * exp(-r_d * T) * pnorm(d2)"
"0","  } else if (option_type == ""put"") {"
"0","    price <- E * exp(-r_d * T) * pnorm(-d2) - S * exp(-r_f * T) * pnorm(-d1)"
"0","  } else {"
"0","    stop(""Invalid option type. Use 'call' or 'put'."")"
"0","  }"
"0","  "
"0","  return(price)"
"0","}"
"0",""
