"0","# Load necessary libraries"
"0","library(ggplot2)"
"0","library(dplyr)"
"0",""
"0","# Adjust Iron Condor profit calculation"
"0","Iron_Condor = sapply(exchange_rates, function(S) {"
"0","  long_put_profit  <- pmax(lower_put_strike - S, 0)"
"0","  short_put_profit <- -pmax(short_put_strike - S, 0)"
"0","  short_call_profit <- -pmax(S - short_call_strike, 0)"
"0","  long_call_profit <- pmax(S - higher_call_strike, 0)"
"0","  "
"0","  # Compute total Iron Condor Profit"
"0","  total_profit <- long_put_profit + short_put_profit + short_call_profit + long_call_profit + premium_received"
"0","  return(total_profit)"
"0","})"
"0",""
"0",""
"0","# Create dataframe with adjusted Iron Condor profits"
"0","comparison_df <- data.frame("
"0","  ExchangeRate = exchange_rates,  "
"0","  American_Option = df_options$TotalProfit,  "
"0","  European_Option = df_moneyness$TotalProfit,  "
"0","  Iron_Condor = Iron_Condor,  "
"0","  Long_Straddle = straddle_table$TotalProfit"
"0",")"
"0",""
"0","# Convert to long format for ggplot"
"0","comparison_long <- comparison_df %>%"
"0","  tidyr::pivot_longer(cols = -ExchangeRate, names_to = ""Strategy"", values_to = ""TotalProfit"")"
"0",""
"0","# Plot the total profits for each strategy across exchange rates"
"0","ggplot(comparison_long, aes(x = ExchangeRate, y = TotalProfit, color = Strategy)) +"
"0","  geom_line(size = 1.2) +  "
"0","  geom_hline(yintercept = 0, linetype = ""dashed"", color = ""black"") +  "
"0","  labs(title = ""Comparison of FX Hedging Strategies"","
"0","       x = ""Exchange Rate"","
"0","       y = ""Total Profit"","
"0","       color = ""Strategy"") +"
"0","  theme_minimal()"
"0",""
